Sequence_ID	Sequence	Length	Charge	Probability_score	AMPlify_log_scaled_score	Prediction
DBAASP_1432	KRFHSVGSLIQRHQQMIRDKSEATRHGIRIITRPKLLLAS	40	7	0.9949788	22.9919	AMP
DBAASP_14649	IDWKKLLDPAKQIL	14	1	0.85206383	8.2993	AMP
DBAASP_10705	FLGGLIKRPPAMICAVRKKC	20	5	0.99999875	59.025	AMP
DBAASP_20619	RWKRHISEQLRRRDRLQR	18	6	0.757784	6.158	AMP
DBAASP_9717	FPVTWPTKWRKG	12	3	0.9727584	15.6477	AMP
DBAASP_16807	KLLDIVKKVVGALG	14	2	0.9999692	45.1123	AMP
DBAASP_16744	RFWQRNIRIRR	11	5	0.9023555	10.1035	AMP
DBAASP_4579	QLKVDLWGTRSGI	13	1	0.45289612	2.6193	non-AMP
DBAASP_10702	FLGGLIKPVPAMICAVRKKC	20	4	0.99999845	58.0975	AMP
DBAASP_14024	IHHIHHHIHHIHHHIHHIHHHIHHIHHH	28	0	0.9994095	32.2882	AMP
DBAASP_3391	IGKEFKRIVQRIKDFLRNLVPRTES	25	4	0.9977272	26.4344	AMP
DBAASP_15902	KRFWPLVPVAINTVAAGIN	19	2	0.9973202	25.7189	AMP
DBAASP_18106	ACTKSIPPICGK	12	2	0.06266059	0.281	non-AMP
DBAASP_18758	GSKKPVPIIYCNAATGKCQRM	21	4	0.9880128	19.2128	AMP
DBAASP_7150	LLPIVGNLLKSLLGAKRKRAG	21	5	0.99998415	47.9984	AMP
DBAASP_20566	RRRRWWWWWWW	11	4	0.9991344	30.6266	AMP
DBAASP_9720	FPVTWPTKWWEG	12	0	0.6710234	4.8284	AMP
DBAASP_15877	MKKALQYIKLLKE	13	3	0.00026603	0.0012	non-AMP
DBAASP_2225	GFKEVLKADLGSLVKGIAAHVAN	23	1	0.9954071	23.3791	AMP
DBAASP_12188	VQWLEQQVAKRRTKR	15	4	0.56853485	3.6505	AMP
DBAASP_17504	LKKIGKKIWRVG	12	5	0.8706013	8.8807	AMP
DBAASP_5024	HFLGTLVNLKKKIL	14	3	0.99997824	46.6243	AMP
DBAASP_10129	KIAGKIAKIAGKIA	14	4	0.98781365	19.1413	AMP
DBAASP_3952	FLGVVFKKASKVFPAVFGKV	20	4	0.9999949	52.9022	AMP
DBAASP_9725	FPLTCPTKWWKG	12	2	0.9468724	12.7468	AMP
DBAASP_8802	KIWFQNKKMKWKK	13	6	0.89063346	9.6112	AMP
DBAASP_8145	KKAKKFGKAFVK	12	6	0.94575375	12.6563	AMP
DBAASP_20016	LGLFLLLLRLILKGFKL	17	3	0.8950769	9.7913	AMP
DBAASP_10011	GVVDILKGAAKDIAGHLASKVMN	23	1	0.9999981	57.1957	AMP
DBAASP_4249	IKKVASVIGGL	11	2	0.57588583	3.7252	AMP
DBAASP_18108	ACTSIPPICGK	11	1	0.10962015	0.5042	non-AMP
DBAASP_13706	ATAYARTGRCATRESLSGVAEISGRLYRLCAR	32	4	0.9911478	20.5295	AMP
DBAASP_20099	FLGALIPAITGLIGGLINR	19	1	0.99843657	28.0592	AMP
DBAASP_16465	FLPKILKVAAK	11	3	0.9987688	29.0967	AMP
DBAASP_4255	GLFDVIKKVAS	11	1	0.99998885	49.5288	AMP
DBAASP_16389	GLLDLLKGAGKGLLTHLASQI	21	1	0.9999997	65.2575	AMP
DBAASP_14102	FLPLILFWIVTAL	13	0	0.99634016	24.3654	AMP
DBAASP_13831	ALRGCWTKSIPPKPCP	16	3	0.9999897	49.8667	AMP
DBAASP_17773	YANPAVVRPHAQIPQR	16	2	0.00596813	0.026	non-AMP
DBAASP_14654	FKCRRWQRNMRKVRGPPVSCIKRDS	25	8	0.8157644	7.3463	AMP
DBAASP_6914	LQKYYCRVRGGRCAVLSCLPKEEQIGKCSTRGRKCCRRKK	40	11	0.9985054	28.255	AMP
DBAASP_5251	PRPLPFPRPGPRPI	14	3	0.4914603	2.9368	non-AMP
DBAASP_3976	FLGKVFKGVSKVFPAVFGKV	20	4	0.9999937	51.9941	AMP
DBAASP_4561	GKSDVRRWRSRY	12	4	0.14326927	0.6716	non-AMP
DBAASP_6420	LDDLPGALSELSDLHAHKLRVDPVNFKLLSHSL	33	-2	0.13723345	0.6411	non-AMP
DBAASP_16716	FIWQRNIRKVR	11	4	0.88846576	9.5259	AMP
DBAASP_3984	FLGKVFKKASKVFPAVVGKV	20	5	0.9999979	56.8065	AMP
DBAASP_15005	DLASLARLYALAR	13	1	0.11021508	0.5071	non-AMP
DBAASP_3967	FLGVVFKSASKVFPAVFGKV	20	3	0.99987096	38.8926	AMP
DBAASP_18165	FLQGIIDTVGKWL	13	0	0.9995872	33.843	AMP
DBAASP_3968	FLGGVFKGASKVFPAVFGKV	20	3	0.99998933	49.7187	AMP
DBAASP_16981	FPVTWRWWKWWKGKFPVTWRWWKWWKG	27	7	0.9997486	35.9961	AMP
DBAASP_18063	PRYPRWPRHPT	11	3	0.08056788	0.3648	non-AMP
DBAASP_16732	FFWQRNIRIRR	11	4	0.83006656	7.6972	AMP
DBAASP_16799	GLFDILKKLLKLLK	14	3	1.0	80.0	AMP
DBAASP_14655	FKCRRWQWNMRKVRGPPVSCIKRDS	25	7	0.7991485	6.9712	AMP
DBAASP_6921	AVLSALPKEEQIGKASTRGRKAARRKK	27	7	0.40417123	2.2488	non-AMP
DBAASP_2158	AGRGKQGGKVRAKAKTRSSRAGLQFPVGRVHRLLRKGNY	39	12	0.99827594	27.6345	AMP
DBAASP_8163	KTRNWFSEHFKKVKEKLKDTFA	22	4	0.99879587	29.1933	AMP
DBAASP_20812	FLPFLGKLLSGIF	13	1	0.99455863	22.6429	AMP
DBAASP_10437	IIGPVLGLIGKALGGLL	17	1	0.9987939	29.1864	AMP
DBAASP_9721	FPVTWPTKWLKG	12	2	0.98751533	19.0362	AMP
DBAASP_16673	FWQRRIRKVRR	11	6	0.9877767	19.1281	AMP
DBAASP_13704	ATCYARTGRAATRESLSGVAEISGRLYRLACR	32	4	0.99318945	21.6682	AMP
DBAASP_13705	ATAYCRTGRAATRESLSGVCEISGRLYRLAAR	32	4	0.9069244	10.3116	AMP
DBAASP_8510	RRIRPRPPRLPRPC	14	6	0.99915665	30.7399	AMP
DBAASP_4581	KSDVRRWRSRY	11	4	0.09747388	0.4454	non-AMP
DBAASP_8294	GVFDIIKGAGKQLIAHAMGKIAEKVGLNKDGN	32	2	0.9999839	47.9336	AMP
DBAASP_17501	LKKIGKKIWRVGWNTRDATIQ	21	5	0.82215977	7.4997	AMP
DBAASP_5246	PRPPRLPRPRPRPLPFPRP	19	6	0.9331789	11.7509	AMP
DBAASP_16144	KLDLKLDLKLDL	12	0	0.29577887	1.5229	non-AMP
DBAASP_16676	KWQRNIRKVRR	11	6	0.66729295	4.7794	AMP
DBAASP_4395	GLMDTVKNAAKNLAGQMLDKLKCKITGSC	29	3	0.9999998	67.476	AMP
DBAASP_16779	LNLKALLAVAKK	12	3	0.7040919	5.2884	AMP
DBAASP_8141	GKFLKKAKKFGK	12	6	0.9996608	34.6953	AMP
DBAASP_15875	KKMKKALQYIKLLKE	15	5	0.97881925	16.7406	AMP
DBAASP_2024	KISKRILTGKK	11	5	0.96821034	14.9771	AMP
DBAASP_20138	FIGAIARLLSK	11	2	0.92489266	11.2432	AMP
DBAASP_20389	GLISGILGAGKKVLC	15	2	0.9999998	67.476	AMP
DBAASP_16684	CFWQRNIRKVCR	12	4	0.9989966	29.9853	AMP
DBAASP_14315	SLRSSIKDMAAAAGRAALNAVNGIVNP	27	2	0.9215151	11.0521	AMP
DBAASP_7648	KAGLAFPVGRVHRLLRK	17	5	0.9587646	13.8473	AMP
DBAASP_6913	LQKYYCRVRGGRCAVLS	17	4	0.97982615	16.9521	AMP
DBAASP_3777	GWASKIGQTLGKMAKVGLQELIQPK	25	3	0.99996567	44.643	AMP
DBAASP_15004	YYQVSEERRRDLASLARLYALAR	23	2	0.00231027	0.01	non-AMP
DBAASP_12192	TKRSLSPHRPRHSRLQREPQVQWLEQQVAKRRTKR	35	9	0.5962012	3.9383	AMP
DBAASP_5025	HFLGTLVNLAKKKL	14	3	0.9999901	50.0461	AMP
DBAASP_20322	AGYSRMIRRPPGFSPFRVAPASSLKR	26	6	0.94332105	12.4658	AMP
DBAASP_16668	FWQRNIRKVKKK	12	6	0.9984451	28.0831	AMP
DBAASP_14028	IHHIHHIIHHIHHIIHHIHHIIHHIHHI	28	0	0.99955255	33.4925	AMP
DBAASP_19842	ELPIVAKLLSGLL	13	0	0.9500574	13.0153	AMP
DBAASP_17330	GLHKVMREVLGY	12	1	0.9669453	14.8077	AMP
DBAASP_4393	ILGAILPLVSGLLSNKL	17	1	0.9995799	33.7665	AMP
DBAASP_4248	DVIKKVASVIGGL	13	1	0.9999401	42.2255	AMP
DBAASP_14268	VRRFPAAWPFLRR	13	4	0.7532031	6.0766	AMP
DBAASP_9904	WMQKVIDRFGG	11	1	0.9068354	10.3075	AMP
DBAASP_17013	KLLKLLKKPLKLLK	14	6	0.99955493	33.5163	AMP
DBAASP_17331	YERNSYKKFFLR	12	3	0.4025536	2.237	non-AMP
DBAASP_2505	IPHAVKAISDLI	12	0	0.5655545	3.6206	AMP
DBAASP_3978	FLGKVFKGASKVVPAVFGKV	20	4	0.99999	49.9941	AMP
DBAASP_20441	GLLSGILGAGKK	12	2	0.99996346	44.3655	AMP
DBAASP_1202	RLARIVPIRVAR	12	4	0.9678981	14.9347	AMP
DBAASP_12925	AAKAAAKAAAKAA	13	3	0.5932074	3.9063	AMP
DBAASP_3963	FLGVVFKKASKVFPAVFKKV	20	5	0.9999979	56.8065	AMP
DBAASP_19854	FLPIVAKLLSGLE	13	0	0.9940473	22.2528	AMP
DBAASP_14656	FKCRRWQWRMRKVRGPPVSCIKRDS	25	8	0.81268656	7.2743	AMP
DBAASP_15886	KKMKKALQYIKL	12	5	0.62597495	4.271	AMP
DBAASP_19515	ASVVNKLTGGVAGLLK	16	2	0.6911309	5.1023	AMP
DBAASP_15007	VSFNRAVIHSLLG	13	1	0.66992396	4.8139	AMP
DBAASP_17929	GILDIKNKVSNLFKKIKGEK	20	4	0.999996	53.9865	AMP
DBAASP_13415	AMAYLAKDNLGEKITEVITILLNRLTDRLEKYAG	34	0	0.6809443	4.9613	AMP
DBAASP_8162	FSTKTRNWFSEHFKKVKEKLKDTFA	25	4	0.9974068	25.8616	AMP
DBAASP_21030	MLRKVGVIGHWKIWWSGGWKRWRWR	25	7	0.0010199	0.0044	non-AMP
DBAASP_1127	FLPIVGKLLSGLL	13	1	0.99820554	27.4607	AMP
DBAASP_20396	GAPKGCWTKSYPPKPCSGKR	20	5	0.9999734	45.7636	AMP
DBAASP_20947	KRIVQRIKDFLRKCCKKP	18	7	0.84991103	8.2365	AMP
DBAASP_20570	RRRRRWWWWWWW	12	5	0.998782	29.1435	AMP
DBAASP_2227	GFKEVLKAGLGSLVKGIPAHVAN	23	2	0.99506205	23.0645	AMP
DBAASP_19590	FVDLKKIANII	11	1	0.92078096	11.0117	AMP
DBAASP_17012	KLLKLPKKLLKLLK	14	6	0.9998287	37.6623	AMP
DBAASP_14027	IHHIHHIIHHIHHIIHHIHHI	21	0	0.9996716	34.8357	AMP
DBAASP_20100	FLGALIPAITG	11	0	0.97092646	15.365	AMP
DBAASP_13833	ALRGCWTKSIPPKPCK	16	4	0.99999344	51.8333	AMP
DBAASP_6008	GLLNVIKDTAQNLFAAALDKLKCKVTKCN	29	3	0.9999998	67.476	AMP
DBAASP_14176	AVAVVGQAATVVK	13	1	0.0288266	0.127	non-AMP
DBAASP_9799	FLSLIPHAIKAVGVHAKHF	19	2	0.9999918	50.8484	AMP
DBAASP_20105	FLGALIPAIAG	11	0	0.9931138	21.6203	AMP
DBAASP_18158	INLKAVAALAKKLL	14	3	0.93536425	11.8953	AMP
DBAASP_20442	GILSGLLGAGKKIVCGLSGMC	21	2	1.0	80.0	AMP
DBAASP_16681	RWQRNIRKYRR	11	6	0.7703116	6.3886	AMP
DBAASP_11187	RPRFPPPFPIPRIPRIP	17	4	0.9720909	15.5425	AMP
DBAASP_2443	GLFKGKKKNKKTK	13	7	0.99853027	28.3274	AMP
DBAASP_17759	RIKTVTSFDLPALRFLKL	18	3	0.5198523	3.1863	AMP
DBAASP_20620	RWKRHISEQLRRRDRLQRQAF	21	6	0.7308532	5.7001	AMP
DBAASP_3979	FLGVVFKGASKVFPAVVGKV	20	3	0.9999912	50.574	AMP
DBAASP_18062	RLPRYPRYPRWPRHPT	16	5	0.99889773	29.5771	AMP
DBAASP_12674	QLGKKKHRRRPSKKKRHW	18	10	0.9989094	29.6236	AMP
DBAASP_10738	GLFDIVKKVVGAAGSL	16	1	0.9999998	67.476	AMP
DBAASP_10123	KIAGKIAKIAKKIAK	15	6	0.9997653	36.2944	AMP
DBAASP_9905	KKWMQKVIDRFGG	13	3	0.9846714	18.145	AMP
DBAASP_17502	LKKIGKKIWRVGWNTR	16	6	0.9039286	10.1741	AMP
DBAASP_16682	RRWQRNIRKYRR	12	7	0.9513728	13.1312	AMP
DBAASP_3980	FLGKVVKKASKVFPAVFGKV	20	5	0.99998206	47.4615	AMP
DBAASP_19850	FLPIVAKLESGLL	13	0	0.70456165	5.2953	AMP
DBAASP_9716	FPVTWPTKWWKS	12	2	0.9913711	20.6405	AMP
DBAASP_8800	KIWFQNRRMKWKK	13	6	0.7865311	6.7067	AMP
DBAASP_16678	RRWQRNIRKVRR	12	7	0.96051824	14.036	AMP
DBAASP_10642	GRFRRLRKKTRK	12	8	0.99904674	30.2076	AMP
DBAASP_12185	GIMDTVKNAAKNLAGQLLDKLK	22	2	0.99999934	61.8333	AMP
DBAASP_3402	ILPILGNLLNGLL	13	0	0.98724145	18.942	AMP
DBAASP_16780	LNLKALLAVAK	11	2	0.6552765	4.6253	AMP
DBAASP_1899	ATAWNLGPHGLRPIRPIRIRPLCGKDKS	28	5	0.99961585	34.155	AMP
DBAASP_1362	TKCFQWQRNMRKVRGPPVSCIKRDS	25	6	0.5624994	3.5902	AMP
DBAASP_17507	LKWIGKKIWRVG	12	4	0.9967228	24.845	AMP
DBAASP_6009	GLLNVIKDTAQNLFAAALEKLKCKVTKCN	29	3	0.9999998	67.476	AMP
DBAASP_16798	GLFDLLKKLLKLLK	14	3	1.0	80.0	AMP
DBAASP_3960	FLKVVFKKASKVFPAVFGKV	20	5	0.9999939	52.1612	AMP
DBAASP_19869	GVIIDTLKGAAKTVAAELLRKAH	23	2	0.99998856	49.4142	AMP
DBAASP_19873	GVIIKTLKGAAKTV	14	3	0.9996627	34.7198	AMP
DBAASP_17522	LWKIWWKIWRVWWNWR	16	4	0.9996147	34.1422	AMP
DBAASP_11186	PYLPRPGRRPRFPPPFP	17	4	0.7810286	6.5961	AMP
DBAASP_18156	INLKAIAASAKKLL	14	3	0.94553155	12.6385	AMP
DBAASP_7103	ILGTIPGLLKGL	12	1	0.9875886	19.0618	AMP
DBAASP_17333	KVMREVLGYERNSYK	15	2	0.30841297	1.6015	non-AMP
DBAASP_320	KIGAIKKWGAIKKIGAIK	18	6	0.99984634	38.1344	AMP
DBAASP_16683	CFWQRNIRKVRC	12	4	0.98546445	18.3757	AMP
DBAASP_16669	FWQRNIRKVRRRR	13	7	0.9567523	13.6404	AMP
DBAASP_3966	FLGVVFKGASKVFPAVFGKV	20	3	0.99998456	48.1142	AMP
DBAASP_19286	GLLGKILGAGKKVL	14	3	0.99934506	31.8376	AMP
DBAASP_9333	GRRPRPRPRPFFF	13	5	0.9536689	13.3413	AMP
DBAASP_9703	KWKSFLKTFKSAEKTVLHTALKAISS	26	5	0.9995868	33.838	AMP
DBAASP_8288	GVFDIIKDAGKQLVAHAMGKIAEKV	25	1	0.9999925	51.2435	AMP
DBAASP_14023	IHHIHHHIHHIHHHIHHIHHH	21	0	0.9984225	28.0203	AMP
DBAASP_14194	GTNLYMLPKWDIP	13	0	0.11917862	0.5511	non-AMP
DBAASP_13773	KWFRVYRGIYRRRR	14	7	0.98831	19.3219	AMP
DBAASP_14093	FKARRWQWRMKKLGA	15	6	0.9658592	14.6673	AMP
DBAASP_3403	ILPILGNLLNSLL	13	0	0.9984472	28.089	AMP
DBAASP_11218	GFLEKLKTGAKDFASAFVNSIK	22	2	0.9999891	49.6465	AMP
DBAASP_16658	FQWQRNIRKVR	11	4	0.5097507	3.0958	AMP
DBAASP_7637	EPFKISIHLGGY	12	0	0.60613286	4.0465	AMP
DBAASP_14314	SLWSSIKDMAAAAGRAALNAVNGILNP	27	1	0.9999019	40.0855	AMP
DBAASP_19589	FVDLKKIANIL	11	1	0.96408385	14.4471	AMP
DBAASP_18065	PRYPRWPRHPD	11	2	0.00356882	0.0155	non-AMP
DBAASP_7115	FPVTWPTKWWKG	12	2	0.97914255	16.8074	AMP
DBAASP_19127	GFFKKAKRKVKKAG	14	7	0.99998885	49.5521	AMP
DBAASP_20397	KEERGAPKGCWTKSYPPKPCSGKR	24	5	0.91055614	10.4845	AMP
DBAASP_4553	LRRLWLRANRL	11	4	0.74005246	5.8511	AMP
DBAASP_5026	HFLGTLVNLAKKIK	14	3	0.99997216	45.554	AMP
DBAASP_16717	FLWQRNIRKVR	11	4	0.949311	12.9509	AMP
DBAASP_19290	GVFKDALKQFGAALLDQAANALKPK	25	2	0.9725568	15.6156	AMP
DBAASP_14664	GGRRWQWRMKKLGAPSITLPET	22	4	0.92499465	11.2491	AMP
DBAASP_6336	GNNRVYIPQPRPHPRL	16	3	0.99816906	27.3733	AMP
DBAASP_15621	GFLKKVGKKLEGASDLTRDATIQTIAVAQAAANVAATAKQG	41	3	0.9998571	38.4505	AMP
DBAASP_5014	KFLGTLVNLAKKIL	14	3	0.99976623	36.3121	AMP
DBAASP_17930	GILDIKNKVSNLFKKIK	17	4	0.9999998	67.476	AMP
DBAASP_16715	FAWQRNIRKVR	11	4	0.5624836	3.5901	AMP
DBAASP_17398	LRRLRLRLLRLLRRLLRLL	19	8	0.99459827	22.6746	AMP
DBAASP_16463	FLPGILKVAANVVPGVI	17	1	0.9831564	17.7356	AMP
DBAASP_11808	SLQPGAPNFPIPGQEKQEGWKFDPSLTRGEDGNTLGSINIHHTGPNHEVGANWDKVIRGPGKAKPTYSIHGSWRW	75	1	0.9951296	23.1243	AMP
DBAASP_20399	RMIRRPPGFSPFRVAPASSLKR	22	6	0.9920392	20.9904	AMP
DBAASP_8146	KAKKFGKAFVKI	12	5	0.8152861	7.335	AMP
DBAASP_6911	LQKYYCRVRGGRCAVLSCLPKEEQIGKCSTRGRKCCRRKK	40	11	0.9985054	28.255	AMP
DBAASP_5023	HFLGTLVNKAKKIL	14	3	0.99999416	52.3349	AMP
DBAASP_19289	GVFKDALKQFGAALLDKAANALKPK	25	3	0.99842376	28.0238	AMP
DBAASP_15887	RKKKMKKALQY	11	6	0.6369336	4.4001	AMP
DBAASP_16670	FWQRNIRKVRRRI	13	6	0.9797233	16.93	AMP
DBAASP_13425	ITEVITILLNRLTDRLEK	18	0	0.7340428	5.7519	AMP
DBAASP_8809	VDRGWGNGCGLFGKGG	16	1	0.4909762	2.9326	non-AMP
DBAASP_15882	RYRRKKKMKKA	11	8	0.6793285	4.9394	AMP
DBAASP_3975	FLGKVVKGASKVFPAVFGKV	20	4	0.9999552	43.485	AMP
DBAASP_17334	REVLGYERNSYK	12	1	0.0994489	0.4549	non-AMP
DBAASP_16677	RWQRNIRKVRR	11	6	0.7920972	6.8214	AMP
DBAASP_2439	SCIPKHEECTNDKHNCCRKGLFKLKCQCSTFDDESGQPTERCACGRPMGHQAIETGLNIFRGLFKGKKKNKKTK	74	8	0.43403307	2.4721	non-AMP
DBAASP_14269	VRRFPWAAPFLRR	13	4	0.8039904	7.0772	AMP
DBAASP_11217	GFLEKLKKGAKDFASALVNSIKGT	24	3	0.99999934	61.8333	AMP
DBAASP_7021	SRWPSPGRPRPFPG	14	3	0.28733936	1.4712	non-AMP
DBAASP_15622	GFLKKVGKKLEGASDLTRDATIQTIAVAQAAANVAATAKQ	40	3	0.9999412	42.3084	AMP
DBAASP_4258	DVIKKVASVIG	11	1	0.9994464	32.568	AMP
DBAASP_15881	RYRRKKKMKKALQY	14	8	0.732686	5.7298	AMP
DBAASP_16814	KLLKLLKKLLKLLG	14	5	0.9999712	45.4077	AMP
DBAASP_4556	QLKVDLWGTRSGIQPEQHSSGKSDVRRWRSRY	32	4	0.86696464	8.7603	AMP
DBAASP_10737	GLFDIVKKVVGAIGSL	16	1	1.0	80.0	AMP
DBAASP_15	DSHAKRHHGYKRKFHEKHHSHRGY	24	5	0.99967146	34.8341	AMP
DBAASP_7662	SKVGRHGRRFGHRAHRKL	18	7	0.92169726	11.0622	AMP
DBAASP_10704	FLGGLIKRVPAMICAVRKKC	20	5	0.999999	59.6945	AMP
DBAASP_13698	ATAYARTGRAATRESLSGVAEISGRLYRLAAR	32	4	0.41229987	2.3084	non-AMP
DBAASP_16667	FWQRNIRKVRRR	12	6	0.9331366	11.7481	AMP
DBAASP_17565	GFLDVVKGVGKAALGAVTHLINQGEQ	26	0	0.99999046	50.206	AMP
DBAASP_19810	GSKKPVPIIYTNRRTGKCQRM	21	6	0.99867314	28.7716	AMP
DBAASP_3969	FLGSVFKSASKVFPAVFGKV	20	3	0.99996966	45.18	AMP
DBAASP_14271	VRRFPAAAPFLRR	13	4	0.68491507	5.0157	AMP
DBAASP_20388	GLISGILGAGKK	12	2	0.999927	41.3623	AMP
DBAASP_3962	FLGVVFKKASKVFPKVFGKV	20	5	0.9999979	56.8065	AMP
DBAASP_20361	ATAAECLKHPWLKIKK	16	3	0.97429097	15.8991	AMP
DBAASP_12189	QREPQVQWLEQQVAKRRTKR	20	4	0.25302964	1.267	non-AMP
DBAASP_10116	KIAGKIAKKAGKIAK	15	6	0.99990666	40.2993	AMP
DBAASP_6916	LQKYYARVRGGRAAVLSALPKEEQIGKASTRGRKAARRKK	40	11	0.97949106	16.8806	AMP
DBAASP_8140	IGKFLKKAKKFG	12	5	0.91419995	10.6651	AMP
DBAASP_20362	IIRATAAECLKHPWLKIKK	19	4	0.96232426	14.2394	AMP
DBAASP_16679	RFWQRNIRKYR	11	5	0.8625978	8.6201	AMP
DBAASP_18166	FLQGIWDTVGKWL	13	0	0.9994286	32.4304	AMP
DBAASP_17760	RIKTVTSFDLPALRWLKL	18	3	0.65017426	4.5615	AMP
DBAASP_15880	RYRRKKKMKKALQYIKL	17	9	0.9630744	14.3267	AMP
DBAASP_18788	GWWRRTVDKVRNAGRKV	17	5	0.99992514	41.2573	AMP
DBAASP_20955	IGKLFKRIVERIKRFLRVLLRILR	24	8	0.99956167	33.582	AMP
DBAASP_19849	FLPIVAKELSGLL	13	0	0.842188	8.0186	AMP
DBAASP_16674	FWQRKIRKVKK	11	6	0.9976454	26.2808	AMP
DBAASP_5252	PRPLPFPRPGPRPIPRPLPFPRPGPRPI	28	6	0.82476515	7.5638	AMP
DBAASP_4729	FWGALAKGALKLIGVSLFSSFSKKD	25	3	0.9998573	38.456	AMP
DBAASP_10117	KIAGKIAKKAGKIAKIA	17	6	0.99998426	48.0312	AMP
DBAASP_7636	TPFKISIHLGGY	12	1	0.69620335	5.1742	AMP
DBAASP_12190	RHSRLQREPQVQWLEQQVAKRRTKR	25	6	0.87853336	9.1554	AMP
DBAASP_4260	GLFDVIKASVIGGL	14	0	0.9997222	35.5615	AMP
DBAASP_12186	GIMDTVKNAAKNLAGQLLDKLKCSITAC	28	2	0.99999994	69.2369	AMP
DBAASP_20163	SLWENFKNAGK	11	1	0.3170213	1.6559	non-AMP
DBAASP_9048	CWTKSIPPKPC	11	2	0.97610813	16.2175	AMP
DBAASP_16390	GLLDFFKGAGKELLTHLASQI	21	0	1.0	80.0	AMP
DBAASP_21306	TVAAQLLKKARCKLDKSC	18	4	0.99907064	30.3182	AMP
DBAASP_20323	ATAWKVPPGLQPIRPIRIRPLCGNDKS	27	4	0.9978241	26.6236	AMP
DBAASP_8386	KWKSFAKTFKSAKKTVAHTALKAISS	26	7	0.9997679	36.3432	AMP
DBAASP_20946	KRIVQRIKDFLRRGKAK	17	7	0.99986994	38.8587	AMP
DBAASP_4262	GLFAVIKKVASVIGG	15	2	0.9999984	57.9336	AMP
DBAASP_6912	LQKYYCRVRGGRCAVLSCLPKEEQIGKCSTRGRKCCRRKK	40	11	0.9985054	28.255	AMP
DBAASP_19870	GVIIDTLKGAAKTVAAELL	19	0	0.99907994	30.3616	AMP
DBAASP_264	KWKSFAKTFKSAKKTVLHTALKAISS	26	7	0.9998535	38.3414	AMP
DBAASP_4359	GVVDILKGAAKDIAGHLASKVM	22	1	0.9999997	64.4657	AMP
DBAASP_5020	HFLGTKVNLAKKIL	14	3	0.9998871	39.4734	AMP
DBAASP_11216	GFLEKLKTGAKDFASAFVNSIKGT	24	2	0.99998885	49.5521	AMP
DBAASP_8810	VARGWGNGCGLFGKGG	16	2	0.639912	4.4359	AMP
DBAASP_16800	GLFDIVKKLLKLLK	14	3	1.0	80.0	AMP
DBAASP_1687	ATCYCRTGRCATRESLSGVCEISGRLYRLCCR	32	4	0.9999227	41.1211	AMP
DBAASP_3983	FLGKVFKKASKVVPAVFGKV	20	5	0.99999505	53.0564	AMP
DBAASP_3818	GWASKIGQTLGKMAKVGLQEIIQPK	25	3	0.9999607	44.0583	AMP
DBAASP_20569	RRRRRWWWWWW	11	5	0.9932228	21.6895	AMP
DBAASP_16806	KLFDIVKKVVGALG	14	2	0.99998355	47.8224	AMP
DBAASP_14313	SLWSSIKDMAAAAGRAALNAVNGIVNP	27	1	0.9999693	45.1291	AMP
DBAASP_11541	EEEEEEEEEEKKRLKKIFKKPMVIGVTIPF	30	-3	0.25006822	1.2498	non-AMP
DBAASP_10643	PPIVGSIPLGCG	12	0	0.4714841	2.7694	non-AMP
DBAASP_16666	FWQRNIRKVKK	11	5	0.9719324	15.5179	AMP
DBAASP_19846	FLPIEAKLLSGLL	13	0	0.9450124	12.5974	AMP
DBAASP_18159	INLKAIAALGKKLL	14	3	0.9600256	13.9822	AMP
DBAASP_19848	FLPIVAELLSGLL	13	-1	0.9996632	34.7267	AMP
DBAASP_5250	RRIRPRPPRLPRP	13	6	0.90859336	10.3902	AMP
DBAASP_17326	KVMREVLGYERNSYKKFFLR	20	4	0.76984656	6.3798	AMP
DBAASP_18064	LPRIPRLPRYPRYPRWPRHPD	21	5	0.9957778	23.7446	AMP
DBAASP_10837	IIGPVLGLVGKALGGLL	17	1	0.9994003	32.2208	AMP
DBAASP_16039	GGLRSLGLKILLAWKKYG	18	4	0.99274194	21.3918	AMP
DBAASP_19843	FEPIVAKLLSGLL	13	0	0.9732426	15.7256	AMP
DBAASP_21304	GVIFNALKGVAK	12	2	0.9986889	28.8236	AMP
DBAASP_1042	FQWQRNIRKVR	11	4	0.5097507	3.0958	AMP
DBAASP_17511	LWKIGKKIWRVG	12	4	0.99293745	21.5104	AMP
DBAASP_6440	LDDLKGTFAALSELHCDKLHVDPENFKLLGNVLVVVLARNFGKEFTPVL	49	-2	0.8245804	7.5592	AMP
DBAASP_20015	LGLFKLLLRLILKGFKL	17	4	0.99482614	22.8619	AMP
DBAASP_6935	GLNALKKVFQGFHEAIKLINNHVQ	24	2	0.99920213	30.9807	AMP
DBAASP_7766	RFRRLRKKKRKRLKKI	16	12	0.9999592	43.8903	AMP
DBAASP_16675	RFWQRNIRKVRR	12	6	0.92330426	11.1523	AMP
DBAASP_14270	VRRFPAWAPFLRR	13	4	0.79676855	6.9201	AMP
DBAASP_6335	GNNRPVYIPQPRPHPRL	17	3	0.9998223	37.5036	AMP
DBAASP_17001	LKKLLKLPKKLLKL	14	6	0.9983612	27.8548	AMP
DBAASP_6922	AVLSWLPKEEQIGKWSTRGRKWWRRKK	27	7	0.7979472	6.9454	AMP
DBAASP_4357	GVVDILKGAAKDLAGHLATKVMNKL	25	2	0.99999845	58.0975	AMP
DBAASP_20162	SLWENFKNAGKK	12	2	0.9392708	12.166	AMP
DBAASP_12191	SPHRPRHSRLQREPQVQWLEQQVAKRRTKR	30	7	0.7568926	6.142	AMP
DBAASP_7104	ILGTILGPLKGL	12	1	0.9873544	18.9806	AMP
DBAASP_4471	KVALGVAQNYLNPQQ	15	1	0.04423234	0.1965	non-AMP
DBAASP_3972	FLGVVFKLAVKVFPAVFGKV	20	3	0.99996626	44.719	AMP
DBAASP_11880	FLGAVLKVAGKLVPAAI	17	2	0.9998962	39.8392	AMP
DBAASP_20372	GIFSLIKGAAK	11	2	0.99999726	55.7151	AMP
DBAASP_5371	GLVGTLLGHIGKAILG	16	1	0.9999716	45.462	AMP
DBAASP_21307	TVAAQLLKKAR	11	3	0.63738674	4.4056	AMP
DBAASP_14663	GGRRWQWRMKKLGAPSITLPETGG	24	4	0.9306463	11.5893	AMP
DBAASP_15150	LVTLVFVGGGWKWKWENGKWKWQW	24	3	0.36369333	1.9633	non-AMP
DBAASP_16808	KLLKIVKKVVGALG	14	4	0.99323976	21.7004	AMP
DBAASP_6422	TKAVEHLDDLPGALSELSDLHAHKLRVDPVNFKLLSHSLL	40	-2	0.01677791	0.0735	non-AMP
DBAASP_18495	LPRRNRWSKTWKKVTTVFS	19	6	0.99467313	22.7353	AMP
DBAASP_316	KKIGAIKKWGAIKKIGAI	18	6	0.9987625	29.0745	AMP
DBAASP_16464	FLPGILKVAAK	11	2	0.99472195	22.7752	AMP
DBAASP_476	KKAAASAAAAASAAWAASAAAKKKK	25	6	0.8443109	8.0774	AMP
DBAASP_14653	TKCFQWQWRMKKLGAPSITCVRRAF	25	6	0.82390785	7.5426	AMP
DBAASP_12580	PIRRPPIRPPFYPPFRPPIRP	21	5	0.76859933	6.3564	AMP
DBAASP_18061	LPRIPRLPRYPRYPR	15	5	0.98855525	19.414	AMP
DBAASP_20383	GFMDTAKNVAKNVAVTLLDNLKCKITKAC	29	3	0.9999998	67.476	AMP
DBAASP_8144	LKKAKKFGKAFV	12	5	0.5829249	3.7979	AMP
DBAASP_8813	GRKKRRQRRRPPQ	13	8	0.9353832	11.8965	AMP
DBAASP_15006	NNEENELRRRVSFNRAVIHSLLG	23	1	0.37447152	2.0375	non-AMP
DBAASP_4580	QHSSGKSDVRRW	12	2	0.00036681	0.0016	non-AMP
DBAASP_16671	FWQRNIRKVKKKK	13	7	0.9992531	31.2673	AMP
DBAASP_9244	GRKKRRQRRRPPQ	13	8	0.9353832	11.8965	AMP
DBAASP_14648	IDWKKLPDAAKQIL	14	1	0.69588095	5.1696	AMP
DBAASP_8295	GVFDIIKGAGKQLIARAMGKIAEKVGLNKDGN	32	3	0.99980414	37.0805	AMP
DBAASP_3977	FLGKVFKGAVKVFPAVFGKV	20	4	0.999996	53.9865	AMP
DBAASP_16672	FWQRNIRKVKKKI	13	6	0.9995071	33.0727	AMP
DBAASP_19518	AKVVNKLTGGVAGLLK	16	3	0.7558004	6.1226	AMP
DBAASP_8142	KFLKKAKKFGKA	12	6	0.9986917	28.8329	AMP
DBAASP_21054	FIHHIIGALGHLF	13	0	0.9989935	29.9719	AMP
DBAASP_19853	FLPIVAKLLSGEL	13	0	0.806385	7.1306	AMP
DBAASP_12511	GQLNKFIKKAQRKFHEKFAK	20	6	0.8987492	9.946	AMP
DBAASP_17332	GLHKVMREVLGYERNSYK	18	2	0.79630566	6.9102	AMP
DBAASP_2506	GFMKYIGPLIPHKVKAISDLI	21	2	0.99929	31.4874	AMP
DBAASP_21161	TGKASQFFGLM	11	1	0.25276875	1.2654	non-AMP
DBAASP_9724	FPLTWPTKWWKG	12	2	0.99320227	21.6763	AMP
DBAASP_1238	ENFFKEIERAGQRIRDAIISAAPAVETLAQAQKIIKGGD	39	0	0.99222744	21.0944	AMP
