Sequence_ID	Sequence	Length	Charge	Probability_score	AMPlify_log_scaled_score	Prediction
DBAASP_3954	FLGVVFKLASKVFPAVFKKV	20	4	0.9999925	51.2435	AMP
DBAASP_3967	FLGVVFKSASKVFPAVFGKV	20	3	0.99987096	38.8926	AMP
DBAASP_13552	RRIKPRPPRLPRPRPK	16	8	0.99883974	29.3544	AMP
DBAASP_8510	RRIRPRPPRLPRPC	14	6	0.99915665	30.7399	AMP
DBAASP_2012	KWKSFLKTFKSAVKTVLHTALKAISS	26	6	0.99999255	51.2781	AMP
DBAASP_9703	KWKSFLKTFKSAEKTVLHTALKAISS	26	5	0.9995868	33.838	AMP
DBAASP_14994	IAKIAGKIAKIAGKIAKIAGKIA	23	6	0.9999463	42.7	AMP
DBAASP_10129	KIAGKIAKIAGKIA	14	4	0.98781365	19.1413	AMP
DBAASP_16996	LKKLLKLLKPLLKL	14	5	0.99453986	22.628	AMP
DBAASP_17001	LKKLLKLPKKLLKL	14	6	0.9983612	27.8548	AMP
DBAASP_707	GRFRRLRKKTRKRLKKIGKVLKWIPPIVGSIPLGCG	36	13	0.99996805	44.9556	AMP
DBAASP_7766	RFRRLRKKKRKRLKKI	16	12	0.9999592	43.8903	AMP
DBAASP_10907	FLYIVAKLLSGLL	13	1	0.9967186	24.8393	AMP
DBAASP_19846	FLPIEAKLLSGLL	13	0	0.9450124	12.5974	AMP
DBAASP_18754	GSKKPVPIIYCNRRTGKCQRF	21	6	0.9997176	35.4912	AMP
DBAASP_19810	GSKKPVPIIYTNRRTGKCQRM	21	6	0.99867314	28.7716	AMP
DBAASP_11893	LNALKKVFQGIHEAIKKI	18	3	0.99962825	34.2974	AMP
DBAASP_6935	GLNALKKVFQGFHEAIKLINNHVQ	24	2	0.99920213	30.9807	AMP
DBAASP_4263	GLFAVIKKVASVIG	14	2	0.99999774	56.5652	AMP
DBAASP_4262	GLFAVIKKVASVIGG	15	2	0.9999984	57.9336	AMP
DBAASP_6082	GIINTLQKYYARVRGGRYAVLSVLPKEEQIGKVSTRGRKKVRRKK	45	12	0.9995362	33.3368	AMP
DBAASP_6922	AVLSWLPKEEQIGKWSTRGRKWWRRKK	27	7	0.7979472	6.9454	AMP
DBAASP_3107	FLGGLFKLVPSVICAVTKKC	20	3	0.999998	56.9324	AMP
DBAASP_10702	FLGGLIKPVPAMICAVRKKC	20	4	0.99999845	58.0975	AMP
DBAASP_14261	VRRFPWWYPFLRR	13	4	0.8631241	8.6367	AMP
DBAASP_14268	VRRFPAAWPFLRR	13	4	0.7532031	6.0766	AMP
DBAASP_10713	YSWPRMPRIPRLPRYPRYPRYPRWPRHPTIYA	32	8	0.9929465	21.5159	AMP
DBAASP_18062	RLPRYPRYPRWPRHPT	16	5	0.99889773	29.5771	AMP
DBAASP_16796	GLLKLLKKLLKLLK	14	5	0.9999962	54.1854	AMP
DBAASP_16814	KLLKLLKKLLKLLG	14	5	0.9999712	45.4077	AMP
DBAASP_464	KKAAALAAAAALAAWAALAAAKKKK	25	6	0.94584835	12.6639	AMP
DBAASP_476	KKAAASAAAAASAAWAASAAAKKKK	25	6	0.8443109	8.0774	AMP
DBAASP_17519	LWKIGKKIWRVLWNWR	16	5	0.9933232	21.7543	AMP
DBAASP_17511	LWKIGKKIWRVG	12	4	0.99293745	21.5104	AMP
DBAASP_1640	INLKAIAALAKKLL	14	3	0.95315534	13.2934	AMP
DBAASP_18158	INLKAVAALAKKLL	14	3	0.93536425	11.8953	AMP
DBAASP_10156	FKCWRWQWRWKKLGAPS	17	5	0.9977867	26.5496	AMP
DBAASP_14653	TKCFQWQWRMKKLGAPSITCVRRAF	25	6	0.82390785	7.5426	AMP
DBAASP_5018	HFLGKLVNLAKKIL	14	3	0.99999857	58.4451	AMP
DBAASP_5020	HFLGTKVNLAKKIL	14	3	0.9998871	39.4734	AMP
DBAASP_7652	DAHRAGLQFPVGRVHRLLRK	20	4	0.985285	18.3224	AMP
DBAASP_7648	KAGLAFPVGRVHRLLRK	17	5	0.9587646	13.8473	AMP
DBAASP_21057	FIKHIIGALGHLF	13	1	0.99844265	28.0761	AMP
DBAASP_21054	FIHHIIGALGHLF	13	0	0.9989935	29.9719	AMP
DBAASP_12222	GLLSGILGAGKKIVF	15	2	0.9999918	50.8484	AMP
DBAASP_20442	GILSGLLGAGKKIVCGLSGMC	21	2	1.0	80.0	AMP
DBAASP_13542	GNNKPVYIPQPRPPRPRL	18	4	0.99966973	34.8113	AMP
DBAASP_6335	GNNRPVYIPQPRPHPRL	17	3	0.9998223	37.5036	AMP
DBAASP_8289	GVFDIIKDAGKQLVAHATGKIAEKV	25	1	0.9999963	54.3233	AMP
DBAASP_8288	GVFDIIKDAGKQLVAHAMGKIAEKV	25	1	0.9999925	51.2435	AMP
DBAASP_2975	GLFDIVKKVVGALGSL	16	1	1.0	80.0	AMP
DBAASP_16806	KLFDIVKKVVGALG	14	2	0.99998355	47.8224	AMP
DBAASP_19284	GLLGKILGAGKKVLCGVSGLC	21	3	0.9999992	61.1078	AMP
DBAASP_20441	GLLSGILGAGKK	12	2	0.99996346	44.3655	AMP
DBAASP_19462	FIGRIARLLSKIF	13	3	0.9996449	34.4962	AMP
DBAASP_20138	FIGAIARLLSK	11	2	0.92489266	11.2432	AMP
DBAASP_17028	ILGTILGLLKFL	12	1	0.9982232	27.5036	AMP
DBAASP_7104	ILGTILGPLKGL	12	1	0.9873544	18.9806	AMP
DBAASP_2335	HFLGTLVNLAKKIL	14	2	0.9999612	44.1114	AMP
DBAASP_5025	HFLGTLVNLAKKKL	14	3	0.9999901	50.0461	AMP
DBAASP_13635	KWLKKWLKKWLK	12	6	0.99999905	60.206	AMP
DBAASP_21161	TGKASQFFGLM	11	1	0.25276875	1.2654	non-AMP
DBAASP_19517	ASVVNKLTKGVAKLLK	16	4	0.9941073	22.2968	AMP
DBAASP_19518	AKVVNKLTGGVAGLLK	16	3	0.7558004	6.1226	AMP
DBAASP_6701	FVDLKKIANIINSIF	15	1	0.9868973	18.8264	AMP
DBAASP_19590	FVDLKKIANII	11	1	0.92078096	11.0117	AMP
DBAASP_17328	GLAKVMRKVLGYLRNVYK	18	5	0.9996642	34.7383	AMP
DBAASP_17330	GLHKVMREVLGY	12	1	0.9669453	14.8077	AMP
DBAASP_18526	GLMDTVKNAAKNLAGQLLDKIKCKITG	27	3	0.99999946	62.2472	AMP
DBAASP_12186	GIMDTVKNAAKNLAGQLLDKLKCSITAC	28	2	0.99999994	69.2369	AMP
DBAASP_15904	KRFWPLVPVAINTVALYKAIRRK	23	6	0.99783385	26.6431	AMP
DBAASP_15902	KRFWPLVPVAINTVAAGIN	19	2	0.9973202	25.7189	AMP
DBAASP_17415	AIVQRIKKWLR	11	4	0.9539336	13.3662	AMP
DBAASP_20947	KRIVQRIKDFLRKCCKKP	18	7	0.84991103	8.2365	AMP
DBAASP_7665	SKVLRHLRRFLHRAHRKL	18	7	0.9884741	19.3832	AMP
DBAASP_7662	SKVGRHGRRFGHRAHRKL	18	7	0.92169726	11.0622	AMP
DBAASP_16038	GGLRRLGRKILRAVKKYG	18	7	0.99987185	38.9228	AMP
DBAASP_16039	GGLRSLGLKILLAWKKYG	18	4	0.99274194	21.3918	AMP
DBAASP_10398	ENFFKRIRRAGKRIRDAIISAAPAVETLAQAQKIIKGGD	39	5	0.9975626	26.1306	AMP
DBAASP_1238	ENFFKEIERAGQRIRDAIISAAPAVETLAQAQKIIKGGD	39	0	0.99222744	21.0944	AMP
DBAASP_18493	LPRLNRWLKIWKKVVTVFS	19	5	0.99941707	32.3434	AMP
DBAASP_18495	LPRRNRWSKTWKKVTTVFS	19	6	0.99467313	22.7353	AMP
DBAASP_1160	GNNRPVYIPQPRPPHPRL	18	3	0.9998911	39.6298	AMP
DBAASP_6336	GNNRVYIPQPRPHPRL	16	3	0.99816906	27.3733	AMP
DBAASP_16442	GVVDILKGAAKDLAGH	16	0	0.9999992	60.7859	AMP
DBAASP_4357	GVVDILKGAAKDLAGHLATKVMNKL	25	2	0.99999845	58.0975	AMP
DBAASP_15145	LVTLVFVGGGWKWKWKNGKWKWKW	24	6	0.8002173	6.9944	AMP
DBAASP_15150	LVTLVFVGGGWKWKWENGKWKWQW	24	3	0.36369333	1.9633	non-AMP
DBAASP_19126	GFFKKAKRKVKKAFRRVL	18	9	0.99999905	60.206	AMP
DBAASP_19127	GFFKKAKRKVKKAG	14	7	0.99998885	49.5521	AMP
DBAASP_20013	LGLFKKLLRLILKGFKL	17	5	0.99973536	35.7734	AMP
DBAASP_20015	LGLFKLLLRLILKGFKL	17	4	0.99482614	22.8619	AMP
DBAASP_17516	LWKIWKKIWRVWKNWR	16	6	0.99953014	33.2808	AMP
DBAASP_17522	LWKIWWKIWRVWWNWR	16	4	0.9996147	34.1422	AMP
DBAASP_3178	FLPLILRKIVTAL	13	2	0.99564725	23.6124	AMP
DBAASP_14102	FLPLILFWIVTAL	13	0	0.99634016	24.3654	AMP
DBAASP_1584	IDWKKLLDAAKQIL	14	1	0.8827707	9.3096	AMP
DBAASP_14648	IDWKKLPDAAKQIL	14	1	0.69588095	5.1696	AMP
DBAASP_7635	PFKIDIHLGGY	11	0	0.16331968	0.7744	non-AMP
DBAASP_7636	TPFKISIHLGGY	12	1	0.69620335	5.1742	AMP
